epoch,time,train/box_loss,train/cls_loss,train/l1_loss,metrics/precision(B),metrics/recall(B),metrics/mAP50(B),metrics/mAP50-95(B),val/box_loss,val/cls_loss,val/l1_loss,lr/pg0,lr/pg1,lr/pg2,lr/pg3,lr/pg4,lr/pg5,lr/pg6,lr/pg7
1,788.166,1.58025,1.34181,0.02909,0.75048,0.73012,0.78804,0.48145,1.39988,1.05379,0.04911,0.00999776,0.00333259,0.00999776,0.00333259,0.00999776,0.00333259,0.00999776,0.00333259
2,1449.35,1.58003,1.13787,0.02843,0.7448,0.75227,0.78583,0.49693,1.31975,1.02376,0.04537,0.0199962,0.00666542,0.0199962,0.00666542,0.0199962,0.00666542,0.0199962,0.00666542
3,2116.58,1.67948,1.26901,0.03061,0.67361,0.65192,0.67483,0.37556,1.54281,1.46322,0.05453,0.0299887,0.00999624,0.0299887,0.00999624,0.0299887,0.00999624,0.0299887,0.00999624
4,2779.43,1.71446,1.355,0.03127,0.738,0.69247,0.72303,0.40855,1.54999,1.20987,0.05368,0.0299796,0.00999322,0.0299796,0.00999322,0.0299796,0.00999322,0.0299796,0.00999322
5,3442.1,1.65394,1.30479,0.02936,0.74634,0.66308,0.73211,0.43035,1.43815,1.11022,0.04885,0.0299638,0.00998794,0.0299638,0.00998794,0.0299638,0.00998794,0.0299638,0.00998794
6,4110.36,1.6315,1.23508,0.02861,0.76959,0.74968,0.76826,0.4731,1.37762,1.01816,0.0471,0.0299435,0.00998116,0.0299435,0.00998116,0.0299435,0.00998116,0.0299435,0.00998116
7,4780.33,1.59673,1.16992,0.02794,0.79221,0.71399,0.76178,0.47048,1.30416,1.02747,0.04327,0.0299187,0.00997288,0.0299187,0.00997288,0.0299187,0.00997288,0.0299187,0.00997288
8,5448.1,1.58099,1.13724,0.02736,0.81799,0.75888,0.81765,0.51721,1.27933,0.87885,0.04215,0.0298893,0.0099631,0.0298893,0.0099631,0.0298893,0.0099631,0.0298893,0.0099631
9,6120.55,1.55332,1.09889,0.02668,0.84606,0.78791,0.83003,0.53501,1.24845,0.78563,0.0406,0.0298555,0.00995183,0.0298555,0.00995183,0.0298555,0.00995183,0.0298555,0.00995183
10,6784.58,1.51752,1.05521,0.0256,0.85723,0.74054,0.811,0.50691,1.35173,0.91384,0.04446,0.0298172,0.00993906,0.0298172,0.00993906,0.0298172,0.00993906,0.0298172,0.00993906
11,7454.57,1.49985,1.06936,0.02501,0.8113,0.79096,0.82756,0.55494,1.17161,0.79089,0.03743,0.0297744,0.0099248,0.0297744,0.0099248,0.0297744,0.0099248,0.0297744,0.0099248
12,8121.57,1.48993,1.03939,0.02488,0.82761,0.76557,0.81922,0.55602,1.19324,0.7551,0.03901,0.0297272,0.00990905,0.0297272,0.00990905,0.0297272,0.00990905,0.0297272,0.00990905
13,8787.7,1.47791,1.00871,0.02502,0.8489,0.74169,0.83626,0.58243,1.12414,0.78881,0.03607,0.0296755,0.00989183,0.0296755,0.00989183,0.0296755,0.00989183,0.0296755,0.00989183
14,9454.53,1.45255,0.99843,0.02418,0.84825,0.77283,0.83755,0.56714,1.16544,0.76774,0.03814,0.0296194,0.00987313,0.0296194,0.00987313,0.0296194,0.00987313,0.0296194,0.00987313
15,10122.1,1.44441,0.98316,0.02374,0.83349,0.79948,0.85236,0.56933,1.18636,0.75159,0.03863,0.0295589,0.00985296,0.0295589,0.00985296,0.0295589,0.00985296,0.0295589,0.00985296
16,10786.8,1.43352,0.96751,0.02362,0.84404,0.79772,0.85512,0.5708,1.17334,0.6981,0.03785,0.029494,0.00983133,0.029494,0.00983133,0.029494,0.00983133,0.029494,0.00983133
17,11450.3,1.41987,0.96232,0.02355,0.82476,0.82547,0.85459,0.60609,1.08752,0.68971,0.03454,0.0294247,0.00980825,0.0294247,0.00980825,0.0294247,0.00980825,0.0294247,0.00980825
18,12118.2,1.41823,0.94146,0.02316,0.86195,0.80385,0.8669,0.59151,1.14195,0.67954,0.03697,0.0293511,0.00978371,0.0293511,0.00978371,0.0293511,0.00978371,0.0293511,0.00978371
19,12786.3,1.41374,0.93551,0.02317,0.83184,0.81312,0.85821,0.60325,1.0851,0.70162,0.03462,0.0292732,0.00975773,0.0292732,0.00975773,0.0292732,0.00975773,0.0292732,0.00975773
20,13458,1.40833,0.9387,0.02299,0.81718,0.78689,0.85257,0.59117,1.11897,0.73873,0.03609,0.029191,0.00973032,0.029191,0.00973032,0.029191,0.00973032,0.029191,0.00973032
21,14125.9,1.40823,0.91477,0.02295,0.85395,0.80595,0.85642,0.58433,1.1303,0.69153,0.03636,0.0291044,0.00970148,0.0291044,0.00970148,0.0291044,0.00970148,0.0291044,0.00970148
22,14790.2,1.39336,0.89553,0.0226,0.86356,0.81663,0.87296,0.60192,1.12544,0.61679,0.036,0.0290137,0.00967122,0.0290137,0.00967122,0.0290137,0.00967122,0.0290137,0.00967122
23,15456.9,1.39018,0.90812,0.02245,0.86714,0.79674,0.85844,0.59824,1.05832,0.66047,0.03333,0.0289187,0.00963956,0.0289187,0.00963956,0.0289187,0.00963956,0.0289187,0.00963956
24,16122.6,1.38331,0.89815,0.02239,0.86835,0.78654,0.86953,0.63177,0.99226,0.65038,0.03144,0.0288195,0.0096065,0.0288195,0.0096065,0.0288195,0.0096065,0.0288195,0.0096065
25,16790.8,1.36212,0.89209,0.02213,0.88512,0.79829,0.8698,0.61115,1.1006,0.63207,0.03576,0.0287162,0.00957205,0.0287162,0.00957205,0.0287162,0.00957205,0.0287162,0.00957205
26,17455.3,1.37549,0.89306,0.02213,0.8691,0.81372,0.8714,0.60975,1.1033,0.6443,0.03556,0.0286087,0.00953622,0.0286087,0.00953622,0.0286087,0.00953622,0.0286087,0.00953622
27,18121.5,1.36878,0.86787,0.02236,0.87067,0.8271,0.887,0.62836,1.04328,0.64768,0.03344,0.0284971,0.00949903,0.0284971,0.00949903,0.0284971,0.00949903,0.0284971,0.00949903
28,18792.7,1.35435,0.86989,0.02208,0.84506,0.82363,0.87175,0.62403,1.04314,0.63118,0.03305,0.0283814,0.00946048,0.0283814,0.00946048,0.0283814,0.00946048,0.0283814,0.00946048
29,19459.9,1.3524,0.85479,0.02206,0.85316,0.85931,0.87919,0.63953,1.00697,0.61528,0.03132,0.0282618,0.00942059,0.0282618,0.00942059,0.0282618,0.00942059,0.0282618,0.00942059
30,20125.1,1.35158,0.84676,0.02194,0.85905,0.83108,0.88655,0.64368,0.98963,0.58874,0.03033,0.0281381,0.00937937,0.0281381,0.00937937,0.0281381,0.00937937,0.0281381,0.00937937
31,20791.8,1.34929,0.84669,0.02185,0.83494,0.85398,0.89032,0.65006,1.02648,0.60072,0.03211,0.0280105,0.00933683,0.0280105,0.00933683,0.0280105,0.00933683,0.0280105,0.00933683
32,21457.3,1.35099,0.83098,0.02184,0.85291,0.83982,0.88764,0.65821,0.9703,0.55691,0.03037,0.0278789,0.00929298,0.0278789,0.00929298,0.0278789,0.00929298,0.0278789,0.00929298
33,22121.8,1.34669,0.84533,0.0219,0.83634,0.82248,0.87927,0.66086,0.9344,0.55987,0.02923,0.0277435,0.00924784,0.0277435,0.00924784,0.0277435,0.00924784,0.0277435,0.00924784
34,22791.1,1.33853,0.84267,0.02146,0.86579,0.84611,0.88443,0.65152,0.97528,0.54706,0.03068,0.0276043,0.00920142,0.0276043,0.00920142,0.0276043,0.00920142,0.0276043,0.00920142
35,23454.7,1.33528,0.82112,0.02134,0.88249,0.8546,0.89157,0.67206,0.92532,0.52411,0.02838,0.0274612,0.00915374,0.0274612,0.00915374,0.0274612,0.00915374,0.0274612,0.00915374
36,24118.5,1.33683,0.82759,0.02138,0.83935,0.86154,0.89077,0.66501,0.92897,0.54629,0.02874,0.0273144,0.0091048,0.0273144,0.0091048,0.0273144,0.0091048,0.0273144,0.0091048
37,24783.9,1.31869,0.82596,0.02126,0.88439,0.80745,0.88928,0.65367,0.97567,0.57293,0.03026,0.0271639,0.00905463,0.0271639,0.00905463,0.0271639,0.00905463,0.0271639,0.00905463
38,25454.9,1.30948,0.80385,0.02064,0.89164,0.83546,0.89738,0.67179,0.91446,0.53982,0.02846,0.0270097,0.00900325,0.0270097,0.00900325,0.0270097,0.00900325,0.0270097,0.00900325
39,26121.2,1.31717,0.81379,0.02116,0.838,0.86042,0.89374,0.65675,0.98849,0.542,0.03181,0.026852,0.00895065,0.026852,0.00895065,0.026852,0.00895065,0.026852,0.00895065
40,26789.6,1.30685,0.79996,0.02089,0.86974,0.85657,0.89373,0.65832,0.97977,0.53966,0.03084,0.0266906,0.00889687,0.0266906,0.00889687,0.0266906,0.00889687,0.0266906,0.00889687
41,27457.1,1.30673,0.79424,0.02096,0.86851,0.86409,0.8917,0.67216,0.90869,0.53247,0.02776,0.0265258,0.00884192,0.0265258,0.00884192,0.0265258,0.00884192,0.0265258,0.00884192
42,28123.5,1.31435,0.80516,0.02085,0.88468,0.80155,0.88934,0.67733,0.8938,0.5574,0.02728,0.0263574,0.00878581,0.0263574,0.00878581,0.0263574,0.00878581,0.0263574,0.00878581
43,28784.9,1.29457,0.79184,0.02047,0.85573,0.8531,0.89793,0.68455,0.89382,0.54317,0.02726,0.0261857,0.00872857,0.0261857,0.00872857,0.0261857,0.00872857,0.0261857,0.00872857
44,29449.6,1.3036,0.78944,0.02068,0.90245,0.81397,0.9023,0.69242,0.86241,0.53564,0.02631,0.0260106,0.0086702,0.0260106,0.0086702,0.0260106,0.0086702,0.0260106,0.0086702
45,30117.2,1.29606,0.78662,0.02057,0.85692,0.8677,0.9038,0.68696,0.89781,0.5034,0.02742,0.0258322,0.00861073,0.0258322,0.00861073,0.0258322,0.00861073,0.0258322,0.00861073
46,30785.9,1.28969,0.77788,0.02044,0.87195,0.84947,0.89726,0.68316,0.87696,0.52406,0.02674,0.0256505,0.00855018,0.0256505,0.00855018,0.0256505,0.00855018,0.0256505,0.00855018
47,31453,1.28677,0.79185,0.02047,0.86695,0.85011,0.89573,0.70025,0.80248,0.51009,0.02392,0.0254657,0.00848856,0.0254657,0.00848856,0.0254657,0.00848856,0.0254657,0.00848856
48,32119.9,1.28809,0.77851,0.02032,0.88237,0.84099,0.90816,0.70172,0.8511,0.4829,0.0261,0.0252777,0.00842589,0.0252777,0.00842589,0.0252777,0.00842589,0.0252777,0.00842589
49,32785.5,1.27642,0.76927,0.02022,0.87502,0.85377,0.90974,0.70737,0.83367,0.48494,0.02527,0.0250866,0.0083622,0.0250866,0.0083622,0.0250866,0.0083622,0.0250866,0.0083622
50,33452.5,1.27124,0.7519,0.01994,0.88158,0.8472,0.9025,0.69722,0.83528,0.50926,0.0251,0.0248925,0.00829749,0.0248925,0.00829749,0.0248925,0.00829749,0.0248925,0.00829749
51,34120.2,1.27059,0.76435,0.02028,0.87072,0.86526,0.90593,0.70208,0.85121,0.50655,0.02581,0.0246954,0.0082318,0.0246954,0.0082318,0.0246954,0.0082318,0.0246954,0.0082318
52,34788.8,1.27546,0.76825,0.02027,0.86774,0.85525,0.90161,0.69412,0.83207,0.49662,0.02515,0.0244954,0.00816514,0.0244954,0.00816514,0.0244954,0.00816514,0.0244954,0.00816514
53,35454.4,1.26742,0.75998,0.02011,0.91152,0.85015,0.90535,0.703,0.8428,0.49801,0.02545,0.0242926,0.00809752,0.0242926,0.00809752,0.0242926,0.00809752,0.0242926,0.00809752
54,36118.7,1.27549,0.75075,0.02004,0.91185,0.825,0.90673,0.70093,0.85888,0.48685,0.02621,0.024087,0.00802898,0.024087,0.00802898,0.024087,0.00802898,0.024087,0.00802898
55,36785.8,1.27179,0.76704,0.01991,0.88089,0.85222,0.90558,0.69549,0.86537,0.50981,0.02658,0.0238786,0.00795954,0.0238786,0.00795954,0.0238786,0.00795954,0.0238786,0.00795954
56,37456.4,1.257,0.75081,0.01957,0.8749,0.8444,0.90372,0.70359,0.84772,0.5249,0.026,0.0236676,0.0078892,0.0236676,0.0078892,0.0236676,0.0078892,0.0236676,0.0078892
57,38123.6,1.25176,0.73372,0.01988,0.88562,0.86134,0.90667,0.70919,0.80999,0.47033,0.02436,0.023454,0.007818,0.023454,0.007818,0.023454,0.007818,0.023454,0.007818
58,38793.4,1.25888,0.73519,0.01974,0.89731,0.84347,0.90305,0.7061,0.81513,0.49349,0.02467,0.0232379,0.00774596,0.0232379,0.00774596,0.0232379,0.00774596,0.0232379,0.00774596
59,39462.7,1.25411,0.74586,0.01963,0.90295,0.83061,0.90397,0.71613,0.77156,0.50539,0.02304,0.0230193,0.0076731,0.0230193,0.0076731,0.0230193,0.0076731,0.0230193,0.0076731
60,40130.6,1.24857,0.751,0.01989,0.86114,0.85355,0.90349,0.71482,0.78422,0.4904,0.02369,0.0227983,0.00759944,0.0227983,0.00759944,0.0227983,0.00759944,0.0227983,0.00759944
61,40798.1,1.23748,0.74106,0.01933,0.89186,0.83586,0.90206,0.71107,0.78975,0.47799,0.02387,0.022575,0.007525,0.022575,0.007525,0.022575,0.007525,0.022575,0.007525
62,41464,1.24076,0.72865,0.01954,0.89007,0.84144,0.90922,0.7197,0.78881,0.47637,0.02392,0.0223494,0.00744981,0.0223494,0.00744981,0.0223494,0.00744981,0.0223494,0.00744981
63,42132.5,1.22701,0.7162,0.01932,0.90746,0.83977,0.90784,0.71552,0.79861,0.47034,0.02421,0.0221217,0.00737388,0.0221217,0.00737388,0.0221217,0.00737388,0.0221217,0.00737388
64,42795.1,1.22232,0.71986,0.01904,0.89456,0.84303,0.90911,0.72019,0.78339,0.46592,0.02362,0.0218918,0.00729725,0.0218918,0.00729725,0.0218918,0.00729725,0.0218918,0.00729725
65,43462.5,1.22164,0.72371,0.01922,0.88539,0.84388,0.90005,0.71786,0.78015,0.46134,0.02369,0.0216598,0.00721994,0.0216598,0.00721994,0.0216598,0.00721994,0.0216598,0.00721994
66,44127.9,1.22186,0.71538,0.01898,0.86926,0.85877,0.90377,0.71661,0.7857,0.4705,0.02386,0.0214259,0.00714196,0.0214259,0.00714196,0.0214259,0.00714196,0.0214259,0.00714196
67,44795.9,1.22171,0.71868,0.01908,0.88581,0.84536,0.90855,0.72027,0.77827,0.47597,0.02346,0.02119,0.00706335,0.02119,0.00706335,0.02119,0.00706335,0.02119,0.00706335
68,45460.8,1.22646,0.73038,0.01924,0.89954,0.84186,0.90995,0.72264,0.77478,0.45867,0.0233,0.0209524,0.00698412,0.0209524,0.00698412,0.0209524,0.00698412,0.0209524,0.00698412
69,46129.5,1.23047,0.71429,0.01958,0.88482,0.84315,0.9031,0.70832,0.80291,0.46494,0.02454,0.0207129,0.0069043,0.0207129,0.0069043,0.0207129,0.0069043,0.0207129,0.0069043
70,46794.4,1.21967,0.70244,0.01897,0.89007,0.84448,0.90855,0.71528,0.78936,0.46183,0.02413,0.0204718,0.00682392,0.0204718,0.00682392,0.0204718,0.00682392,0.0204718,0.00682392
71,47459.6,1.21323,0.72291,0.01911,0.89638,0.83017,0.90903,0.72214,0.78476,0.47446,0.02385,0.020229,0.006743,0.020229,0.006743,0.020229,0.006743,0.020229,0.006743
72,48127.9,1.21264,0.71785,0.01898,0.86747,0.86389,0.91078,0.72447,0.76842,0.48809,0.02316,0.0199847,0.00666156,0.0199847,0.00666156,0.0199847,0.00666156,0.0199847,0.00666156
73,48793.1,1.21127,0.70596,0.01895,0.90499,0.82531,0.91356,0.72323,0.7702,0.469,0.02316,0.0197389,0.00657963,0.0197389,0.00657963,0.0197389,0.00657963,0.0197389,0.00657963
74,49463.2,1.21097,0.70213,0.01905,0.91187,0.82426,0.91387,0.7237,0.77789,0.46029,0.02344,0.0194917,0.00649724,0.0194917,0.00649724,0.0194917,0.00649724,0.0194917,0.00649724
75,50130.6,1.19918,0.69104,0.01878,0.87403,0.8544,0.90894,0.72119,0.77788,0.48409,0.02335,0.0192432,0.0064144,0.0192432,0.0064144,0.0192432,0.0064144,0.0192432,0.0064144
76,50798.9,1.19596,0.69172,0.01849,0.86677,0.8552,0.91037,0.72541,0.77057,0.467,0.02298,0.0189935,0.00633115,0.0189935,0.00633115,0.0189935,0.00633115,0.0189935,0.00633115
77,51465.5,1.19928,0.6872,0.01851,0.85153,0.86515,0.90948,0.72483,0.76555,0.46851,0.0229,0.0187425,0.00624751,0.0187425,0.00624751,0.0187425,0.00624751,0.0187425,0.00624751
78,52134.3,1.19662,0.68702,0.01874,0.85837,0.86934,0.91317,0.72452,0.76608,0.45022,0.02296,0.0184905,0.00616351,0.0184905,0.00616351,0.0184905,0.00616351,0.0184905,0.00616351
79,52802,1.18453,0.68628,0.0185,0.86312,0.87019,0.91412,0.72867,0.766,0.45874,0.02286,0.0182375,0.00607916,0.0182375,0.00607916,0.0182375,0.00607916,0.0182375,0.00607916
80,53467.1,1.19234,0.68903,0.01838,0.87455,0.8534,0.91093,0.72942,0.74916,0.47055,0.02221,0.0179835,0.0059945,0.0179835,0.0059945,0.0179835,0.0059945,0.0179835,0.0059945
81,54135,1.18357,0.67171,0.01829,0.88169,0.84105,0.90912,0.72605,0.74776,0.47237,0.02219,0.0177287,0.00590956,0.0177287,0.00590956,0.0177287,0.00590956,0.0177287,0.00590956
82,54799.2,1.17877,0.67891,0.01842,0.92801,0.81312,0.91289,0.73226,0.74697,0.46143,0.02201,0.0174731,0.00582435,0.0174731,0.00582435,0.0174731,0.00582435,0.0174731,0.00582435
83,55467.8,1.17212,0.67437,0.01816,0.88745,0.8489,0.91298,0.73383,0.73946,0.46195,0.02189,0.0172167,0.00573891,0.0172167,0.00573891,0.0172167,0.00573891,0.0172167,0.00573891
84,56134,1.16868,0.66289,0.01808,0.89194,0.84682,0.91448,0.73731,0.73569,0.46607,0.02174,0.0169598,0.00565325,0.0169598,0.00565325,0.0169598,0.00565325,0.0169598,0.00565325
85,56801.8,1.17264,0.66374,0.01826,0.87172,0.86979,0.91995,0.74197,0.73368,0.44447,0.02173,0.0167022,0.00556742,0.0167022,0.00556742,0.0167022,0.00556742,0.0167022,0.00556742
86,57468.9,1.17371,0.65908,0.01817,0.90885,0.84448,0.92283,0.7429,0.73952,0.4421,0.02197,0.0164443,0.00548142,0.0164443,0.00548142,0.0164443,0.00548142,0.0164443,0.00548142
87,58137.7,1.16849,0.65668,0.01802,0.92542,0.82772,0.92142,0.74232,0.73139,0.44755,0.02167,0.0161859,0.00539529,0.0161859,0.00539529,0.0161859,0.00539529,0.0161859,0.00539529
88,58804.6,1.1668,0.67053,0.01827,0.92993,0.8203,0.92145,0.74318,0.7345,0.461,0.0218,0.0159272,0.00530906,0.0159272,0.00530906,0.0159272,0.00530906,0.0159272,0.00530906
89,59471.7,1.15808,0.65442,0.01784,0.92986,0.82899,0.92276,0.74378,0.73484,0.44531,0.02173,0.0156683,0.00522275,0.0156683,0.00522275,0.0156683,0.00522275,0.0156683,0.00522275
90,60138.9,1.15926,0.65119,0.01771,0.87723,0.87248,0.92291,0.74321,0.73326,0.45354,0.02164,0.0154092,0.00513639,0.0154092,0.00513639,0.0154092,0.00513639,0.0154092,0.00513639
91,60804.4,1.15222,0.65043,0.01782,0.91105,0.85304,0.92354,0.74331,0.73021,0.44681,0.02151,0.01515,0.00505,0.01515,0.00505,0.01515,0.00505,0.01515,0.00505
92,61472.9,1.14757,0.63701,0.0178,0.90582,0.85494,0.92423,0.74278,0.73516,0.44222,0.02172,0.0148908,0.00496361,0.0148908,0.00496361,0.0148908,0.00496361,0.0148908,0.00496361
93,62139.5,1.14963,0.64192,0.01762,0.89988,0.857,0.92281,0.74048,0.73646,0.44713,0.02184,0.0146317,0.00487725,0.0146317,0.00487725,0.0146317,0.00487725,0.0146317,0.00487725
94,62796.6,1.14225,0.65024,0.01746,0.90723,0.85771,0.92337,0.74455,0.73095,0.43204,0.02164,0.0143728,0.00479094,0.0143728,0.00479094,0.0143728,0.00479094,0.0143728,0.00479094
95,63446.2,1.14273,0.64314,0.01759,0.91025,0.85261,0.91814,0.74323,0.7224,0.43085,0.02135,0.0141141,0.00470471,0.0141141,0.00470471,0.0141141,0.00470471,0.0141141,0.00470471
96,64093.2,1.12278,0.63383,0.01739,0.909,0.84575,0.92111,0.74611,0.71712,0.43346,0.02123,0.0138557,0.00461858,0.0138557,0.00461858,0.0138557,0.00461858,0.0138557,0.00461858
97,64743.1,1.12624,0.63366,0.01718,0.90488,0.85134,0.9199,0.74525,0.71483,0.42691,0.02106,0.0135978,0.00453258,0.0135978,0.00453258,0.0135978,0.00453258,0.0135978,0.00453258
98,65395.4,1.13385,0.6296,0.01736,0.91494,0.84516,0.92096,0.7444,0.71528,0.43179,0.02113,0.0133402,0.00444675,0.0133402,0.00444675,0.0133402,0.00444675,0.0133402,0.00444675
99,66046.4,1.12178,0.62178,0.01721,0.91188,0.84947,0.92274,0.74675,0.71108,0.42533,0.02095,0.0130833,0.00436109,0.0130833,0.00436109,0.0130833,0.00436109,0.0130833,0.00436109
100,66700.2,1.12082,0.62136,0.01709,0.91419,0.85434,0.9227,0.74857,0.71208,0.41383,0.02095,0.0128269,0.00427565,0.0128269,0.00427565,0.0128269,0.00427565,0.0128269,0.00427565
101,67359.8,1.12395,0.60846,0.01704,0.91218,0.85347,0.9209,0.74773,0.71101,0.42231,0.02093,0.0125713,0.00419044,0.0125713,0.00419044,0.0125713,0.00419044,0.0125713,0.00419044
102,68019.7,1.11277,0.61259,0.01711,0.91473,0.85182,0.92271,0.7487,0.71165,0.42483,0.02099,0.0123165,0.0041055,0.0123165,0.0041055,0.0123165,0.0041055,0.0123165,0.0041055
103,68680.4,1.11981,0.59897,0.01704,0.92097,0.84689,0.92255,0.74722,0.71132,0.41896,0.02096,0.0120625,0.00402084,0.0120625,0.00402084,0.0120625,0.00402084,0.0120625,0.00402084
104,69342.2,1.10017,0.61096,0.01669,0.91577,0.84879,0.92129,0.74606,0.7094,0.41213,0.0209,0.0118095,0.00393649,0.0118095,0.00393649,0.0118095,0.00393649,0.0118095,0.00393649
105,70005.7,1.1145,0.61502,0.01699,0.90831,0.85094,0.92194,0.74879,0.7047,0.41585,0.02073,0.0115575,0.00385249,0.0115575,0.00385249,0.0115575,0.00385249,0.0115575,0.00385249
106,70669.6,1.10598,0.60797,0.01678,0.90849,0.84752,0.92247,0.74708,0.70326,0.41815,0.02067,0.0113065,0.00376885,0.0113065,0.00376885,0.0113065,0.00376885,0.0113065,0.00376885
107,71333.3,1.10784,0.61302,0.01699,0.90878,0.84973,0.92164,0.74601,0.7019,0.41784,0.02062,0.0110568,0.0036856,0.0110568,0.0036856,0.0110568,0.0036856,0.0110568,0.0036856
108,71998.4,1.0964,0.59596,0.0167,0.91218,0.84879,0.92114,0.74569,0.70119,0.41417,0.02059,0.0108083,0.00360276,0.0108083,0.00360276,0.0108083,0.00360276,0.0108083,0.00360276
109,72666,1.08526,0.59584,0.01652,0.90733,0.84577,0.92179,0.74794,0.70189,0.41766,0.02059,0.0105611,0.00352037,0.0105611,0.00352037,0.0105611,0.00352037,0.0105611,0.00352037
110,73333.9,1.08188,0.5871,0.01652,0.91996,0.84891,0.92273,0.74722,0.69865,0.41313,0.02048,0.0103153,0.00343844,0.0103153,0.00343844,0.0103153,0.00343844,0.0103153,0.00343844
111,74000.9,1.08685,0.57375,0.01671,0.90983,0.84571,0.92162,0.74483,0.69775,0.41916,0.02043,0.010071,0.003357,0.010071,0.003357,0.010071,0.003357,0.010071,0.003357
112,74667.2,1.08827,0.58496,0.0164,0.91055,0.85083,0.92155,0.74769,0.69713,0.41228,0.0204,0.00982824,0.00327608,0.00982824,0.00327608,0.00982824,0.00327608,0.00982824,0.00327608
113,75333.4,1.09139,0.58795,0.01644,0.91629,0.8447,0.92175,0.74806,0.69591,0.4185,0.02035,0.00958709,0.0031957,0.00958709,0.0031957,0.00958709,0.0031957,0.00958709,0.0031957
114,76003.6,1.07397,0.57236,0.01621,0.92398,0.84469,0.92152,0.74952,0.69368,0.41406,0.02026,0.00934764,0.00311588,0.00934764,0.00311588,0.00934764,0.00311588,0.00934764,0.00311588
115,76670,1.07156,0.57269,0.01628,0.91908,0.84331,0.92072,0.7491,0.69368,0.40825,0.02025,0.00910996,0.00303665,0.00910996,0.00303665,0.00910996,0.00303665,0.00910996,0.00303665
116,77341.6,1.07873,0.57406,0.01645,0.91991,0.84166,0.92114,0.74998,0.69082,0.40807,0.02016,0.00887412,0.00295804,0.00887412,0.00295804,0.00887412,0.00295804,0.00887412,0.00295804
117,78010,1.06074,0.57031,0.01615,0.92725,0.83803,0.92144,0.74955,0.68755,0.41365,0.02007,0.00864019,0.00288006,0.00864019,0.00288006,0.00864019,0.00288006,0.00864019,0.00288006
118,78677.8,1.06531,0.57611,0.01614,0.92147,0.83399,0.91988,0.74766,0.68556,0.42672,0.02,0.00840824,0.00280275,0.00840824,0.00280275,0.00840824,0.00280275,0.00840824,0.00280275
119,79348.7,1.05446,0.56018,0.01596,0.91765,0.84105,0.91999,0.74818,0.68619,0.41392,0.02003,0.00817835,0.00272612,0.00817835,0.00272612,0.00817835,0.00272612,0.00817835,0.00272612
120,80019.1,1.05277,0.55759,0.01601,0.92432,0.84105,0.92233,0.75074,0.68659,0.40929,0.02,0.00795058,0.00265019,0.00795058,0.00265019,0.00795058,0.00265019,0.00795058,0.00265019
121,80690.1,1.05023,0.54898,0.01595,0.91816,0.84135,0.92251,0.75025,0.68629,0.41116,0.01997,0.007725,0.002575,0.007725,0.002575,0.007725,0.002575,0.007725,0.002575
122,81360,1.04669,0.55547,0.01568,0.91802,0.83929,0.92193,0.75053,0.68493,0.41351,0.01992,0.00750168,0.00250056,0.00750168,0.00250056,0.00750168,0.00250056,0.00750168,0.00250056
123,82029.9,1.05557,0.55947,0.0158,0.92183,0.83418,0.92186,0.75033,0.6838,0.40937,0.01988,0.0072807,0.0024269,0.0072807,0.0024269,0.0072807,0.0024269,0.0072807,0.0024269
124,82701.8,1.04651,0.5502,0.01565,0.91677,0.84252,0.92045,0.75004,0.68451,0.41552,0.0199,0.00706211,0.00235404,0.00706211,0.00235404,0.00706211,0.00235404,0.00706211,0.00235404
125,83376,1.03772,0.54606,0.01559,0.92197,0.84199,0.92208,0.75131,0.68385,0.40447,0.01988,0.00684599,0.002282,0.00684599,0.002282,0.00684599,0.002282,0.00684599,0.002282
126,84046.4,1.03701,0.55022,0.01572,0.92164,0.84238,0.92173,0.75068,0.68356,0.40549,0.01989,0.00663239,0.0022108,0.00663239,0.0022108,0.00663239,0.0022108,0.00663239,0.0022108
127,84716.6,1.02795,0.54252,0.01546,0.91938,0.84153,0.9204,0.75069,0.68316,0.40704,0.01988,0.00642139,0.00214046,0.00642139,0.00214046,0.00642139,0.00214046,0.00642139,0.00214046
128,85387.9,1.03901,0.54991,0.01574,0.92076,0.84263,0.92125,0.75059,0.68314,0.40275,0.01988,0.00621305,0.00207102,0.00621305,0.00207102,0.00621305,0.00207102,0.00621305,0.00207102
129,86061.1,1.02339,0.54356,0.01527,0.92266,0.84191,0.92218,0.75087,0.68333,0.40457,0.01985,0.00600743,0.00200248,0.00600743,0.00200248,0.00600743,0.00200248,0.00600743,0.00200248
130,86733.5,1.02211,0.53711,0.01511,0.92053,0.84246,0.92193,0.75125,0.68244,0.40434,0.01982,0.00580459,0.00193486,0.00580459,0.00193486,0.00580459,0.00193486,0.00580459,0.00193486
131,87399.9,1.01207,0.53343,0.01537,0.92211,0.84075,0.92123,0.75007,0.68235,0.40632,0.01982,0.0056046,0.0018682,0.0056046,0.0018682,0.0056046,0.0018682,0.0056046,0.0018682
132,88070.8,1.0145,0.52021,0.0153,0.91799,0.84048,0.92202,0.74956,0.68119,0.40748,0.0198,0.00540752,0.00180251,0.00540752,0.00180251,0.00540752,0.00180251,0.00540752,0.00180251
133,88741.5,1.01536,0.52682,0.01518,0.91952,0.839,0.92221,0.74912,0.68122,0.41052,0.01979,0.00521341,0.0017378,0.00521341,0.0017378,0.00521341,0.0017378,0.00521341,0.0017378
134,89414.2,1.0047,0.51763,0.01513,0.91822,0.84004,0.92059,0.74762,0.68166,0.40422,0.01981,0.00502232,0.00167411,0.00502232,0.00167411,0.00502232,0.00167411,0.00502232,0.00167411
135,90084.8,0.9987,0.51937,0.01488,0.87766,0.87746,0.92085,0.74815,0.68072,0.40516,0.01978,0.00483432,0.00161144,0.00483432,0.00161144,0.00483432,0.00161144,0.00483432,0.00161144
136,90757.7,1.00719,0.51549,0.01519,0.87946,0.87748,0.92193,0.74944,0.68059,0.40277,0.01978,0.00464946,0.00154982,0.00464946,0.00154982,0.00464946,0.00154982,0.00464946,0.00154982
137,91430.7,0.99671,0.51516,0.01471,0.91485,0.83703,0.92037,0.74774,0.68013,0.40747,0.01976,0.0044678,0.00148927,0.0044678,0.00148927,0.0044678,0.00148927,0.0044678,0.00148927
138,92104.4,0.99134,0.51599,0.0149,0.91564,0.8404,0.92086,0.74712,0.68042,0.40747,0.01975,0.0042894,0.0014298,0.0042894,0.0014298,0.0042894,0.0014298,0.0042894,0.0014298
139,92774.2,0.9961,0.51483,0.01485,0.91798,0.83879,0.92174,0.7484,0.6796,0.40434,0.01972,0.0041143,0.00137143,0.0041143,0.00137143,0.0041143,0.00137143,0.0041143,0.00137143
140,93444.6,0.99195,0.51182,0.01483,0.91626,0.84232,0.92185,0.74842,0.67812,0.40011,0.01967,0.00394256,0.00131419,0.00394256,0.00131419,0.00394256,0.00131419,0.00394256,0.00131419
141,94116.8,0.98531,0.50477,0.01467,0.91774,0.84184,0.92178,0.74993,0.67773,0.39963,0.01965,0.00377424,0.00125808,0.00377424,0.00125808,0.00377424,0.00125808,0.00377424,0.00125808
142,94790.3,0.98502,0.50715,0.01459,0.91447,0.84232,0.92177,0.75006,0.67862,0.40151,0.01967,0.00360938,0.00120313,0.00360938,0.00120313,0.00360938,0.00120313,0.00360938,0.00120313
143,95463.8,0.97645,0.50011,0.01466,0.88255,0.86709,0.92139,0.74968,0.67764,0.40752,0.01964,0.00344804,0.00114935,0.00344804,0.00114935,0.00344804,0.00114935,0.00344804,0.00114935
144,96134.8,0.97251,0.51327,0.01452,0.87965,0.86809,0.92118,0.74981,0.67573,0.40602,0.01957,0.00329026,0.00109675,0.00329026,0.00109675,0.00329026,0.00109675,0.00329026,0.00109675
145,96805.6,0.9805,0.50745,0.01472,0.87197,0.87456,0.92093,0.75013,0.6758,0.40311,0.01958,0.0031361,0.00104537,0.0031361,0.00104537,0.0031361,0.00104537,0.0031361,0.00104537
146,97474.5,0.97827,0.50442,0.01454,0.87522,0.87456,0.92099,0.75043,0.67574,0.4021,0.01955,0.00298559,0.000995197,0.00298559,0.000995197,0.00298559,0.000995197,0.00298559,0.000995197
147,98145.5,0.97489,0.50287,0.01451,0.90923,0.84583,0.92112,0.75084,0.67542,0.39962,0.01954,0.00283879,0.000946264,0.00283879,0.000946264,0.00283879,0.000946264,0.00283879,0.000946264
148,98816.6,0.96792,0.51031,0.01448,0.87978,0.87868,0.92135,0.75083,0.67463,0.39759,0.01952,0.00269574,0.000898581,0.00269574,0.000898581,0.00269574,0.000898581,0.00269574,0.000898581
149,99492.3,0.97086,0.49547,0.0143,0.91052,0.84642,0.92105,0.75066,0.67425,0.39812,0.01951,0.00255649,0.000852162,0.00255649,0.000852162,0.00255649,0.000852162,0.00255649,0.000852162
150,100165,0.95893,0.49501,0.01408,0.88064,0.87672,0.9218,0.75123,0.67381,0.39768,0.01949,0.00242107,0.000807022,0.00242107,0.000807022,0.00242107,0.000807022,0.00242107,0.000807022
151,100837,0.96681,0.48951,0.01423,0.8806,0.86703,0.92096,0.75149,0.67343,0.39791,0.01947,0.00228952,0.000763174,0.00228952,0.000763174,0.00228952,0.000763174,0.00228952,0.000763174
152,101506,0.95706,0.48685,0.01434,0.88332,0.86682,0.92112,0.75264,0.67264,0.39586,0.01944,0.0021619,0.000720632,0.0021619,0.000720632,0.0021619,0.000720632,0.0021619,0.000720632
153,102173,0.96213,0.49851,0.01423,0.88652,0.8683,0.92096,0.75289,0.67302,0.39655,0.01945,0.00203823,0.000679409,0.00203823,0.000679409,0.00203823,0.000679409,0.00203823,0.000679409
154,102845,0.96466,0.48816,0.01413,0.88803,0.8685,0.92069,0.75273,0.67342,0.39656,0.01945,0.00191855,0.000639518,0.00191855,0.000639518,0.00191855,0.000639518,0.00191855,0.000639518
155,103515,0.95371,0.48196,0.0141,0.9041,0.85006,0.92016,0.75185,0.67101,0.40628,0.0194,0.00180291,0.000600969,0.00180291,0.000600969,0.00180291,0.000600969,0.00180291,0.000600969
156,104185,0.95655,0.48336,0.01418,0.88194,0.86897,0.92012,0.75078,0.67247,0.40324,0.01944,0.00169133,0.000563776,0.00169133,0.000563776,0.00169133,0.000563776,0.00169133,0.000563776
157,104855,0.9553,0.48919,0.01414,0.91602,0.84182,0.92062,0.75178,0.67218,0.40268,0.01944,0.00158385,0.00052795,0.00158385,0.00052795,0.00158385,0.00052795,0.00158385,0.00052795
158,105527,0.95536,0.48857,0.01417,0.91757,0.84171,0.92087,0.75365,0.67235,0.40132,0.01944,0.0014805,0.000493501,0.0014805,0.000493501,0.0014805,0.000493501,0.0014805,0.000493501
159,106201,0.95044,0.47901,0.01392,0.91388,0.83801,0.91972,0.75423,0.67181,0.40013,0.01945,0.00138132,0.00046044,0.00138132,0.00046044,0.00138132,0.00046044,0.00138132,0.00046044
160,106871,0.94601,0.48058,0.01403,0.91493,0.84463,0.91988,0.75489,0.67147,0.40097,0.01945,0.00128633,0.000428777,0.00128633,0.000428777,0.00128633,0.000428777,0.00128633,0.000428777
161,107544,0.80933,0.30151,0.01482,0.90615,0.84791,0.92058,0.75517,0.67116,0.40183,0.01943,0.00119556,0.000398522,0.00119556,0.000398522,0.00119556,0.000398522,0.00119556,0.000398522
162,108210,0.80355,0.30776,0.01472,0.8873,0.86897,0.92131,0.75551,0.67088,0.39847,0.01943,0.00110905,0.000369683,0.00110905,0.000369683,0.00110905,0.000369683,0.00110905,0.000369683
163,108872,0.80566,0.30511,0.01456,0.88665,0.86997,0.92106,0.75555,0.66876,0.40138,0.01939,0.00102681,0.00034227,0.00102681,0.00034227,0.00102681,0.00034227,0.00102681,0.00034227
164,109535,0.79594,0.30528,0.01458,0.90792,0.84996,0.92085,0.75442,0.6692,0.40277,0.0194,0.000948874,0.000316291,0.000948874,0.000316291,0.000948874,0.000316291,0.000948874,0.000316291
165,110196,0.7873,0.30249,0.01431,0.90707,0.84791,0.92044,0.75435,0.66872,0.40286,0.01938,0.000875264,0.000291755,0.000875264,0.000291755,0.000875264,0.000291755,0.000875264,0.000291755
166,110857,0.79542,0.29977,0.01435,0.90758,0.84775,0.91972,0.75401,0.66831,0.40574,0.01937,0.000806001,0.000268667,0.000806001,0.000268667,0.000806001,0.000268667,0.000806001,0.000268667
167,111523,0.79747,0.29419,0.01444,0.90693,0.84663,0.91876,0.75393,0.66797,0.40859,0.01935,0.000741108,0.000247036,0.000741108,0.000247036,0.000741108,0.000247036,0.000741108,0.000247036
168,112182,0.79538,0.30211,0.01461,0.91273,0.84779,0.9199,0.75515,0.66754,0.40483,0.01933,0.000680605,0.000226868,0.000680605,0.000226868,0.000680605,0.000226868,0.000680605,0.000226868
169,112849,0.78688,0.29902,0.01437,0.91012,0.84713,0.92009,0.75493,0.66729,0.40257,0.01932,0.000624508,0.000208169,0.000624508,0.000208169,0.000624508,0.000208169,0.000624508,0.000208169
170,113513,0.7898,0.29728,0.01438,0.90606,0.84575,0.91877,0.75282,0.66681,0.40728,0.01932,0.000572836,0.000190945,0.000572836,0.000190945,0.000572836,0.000190945,0.000572836,0.000190945
171,114176,0.77954,0.29051,0.01398,0.888,0.86498,0.91933,0.75414,0.66733,0.40673,0.01933,0.000525605,0.000175202,0.000525605,0.000175202,0.000525605,0.000175202,0.000525605,0.000175202
172,114836,0.79515,0.29662,0.0143,0.88868,0.86684,0.92089,0.75465,0.66758,0.40485,0.01933,0.000482828,0.000160943,0.000482828,0.000160943,0.000482828,0.000160943,0.000482828,0.000160943
173,115501,0.78191,0.29324,0.01414,0.89207,0.85884,0.92076,0.7553,0.66807,0.4062,0.01933,0.000444519,0.000148173,0.000444519,0.000148173,0.000444519,0.000148173,0.000444519,0.000148173
174,116163,0.78115,0.29188,0.01419,0.90947,0.84782,0.92067,0.75483,0.66683,0.40604,0.01929,0.00041069,0.000136897,0.00041069,0.000136897,0.00041069,0.000136897,0.00041069,0.000136897
175,116826,0.77958,0.29176,0.01399,0.89394,0.86138,0.92064,0.755,0.66671,0.40501,0.01929,0.00038135,0.000127117,0.00038135,0.000127117,0.00038135,0.000127117,0.00038135,0.000127117
176,117489,0.78278,0.29493,0.01414,0.91004,0.85094,0.92054,0.75549,0.666,0.40633,0.01925,0.000356509,0.000118836,0.000356509,0.000118836,0.000356509,0.000118836,0.000356509,0.000118836
177,118151,0.7755,0.28592,0.01397,0.90831,0.84882,0.91994,0.75463,0.6656,0.40814,0.01924,0.000336174,0.000112058,0.000336174,0.000112058,0.000336174,0.000112058,0.000336174,0.000112058
178,118814,0.78123,0.29145,0.01394,0.90075,0.85258,0.91922,0.75411,0.66535,0.40755,0.01922,0.000320351,0.000106784,0.000320351,0.000106784,0.000320351,0.000106784,0.000320351,0.000106784
179,119478,0.77843,0.29229,0.01405,0.9037,0.84816,0.91883,0.75434,0.66502,0.4109,0.01921,0.000309046,0.000103015,0.000309046,0.000103015,0.000309046,0.000103015,0.000309046,0.000103015
180,120143,0.77885,0.29453,0.01406,0.90737,0.84525,0.91878,0.75482,0.66435,0.41154,0.0192,0.000302262,0.000100754,0.000302262,0.000100754,0.000302262,0.000100754,0.000302262,0.000100754
